-- phpMyAdmin SQL Dump
-- version 5.2.1
-- https://www.phpmyadmin.net/
--
-- Host: 127.0.0.1
-- Generation Time: Nov 09, 2023 at 06:35 AM
-- Server version: 10.4.28-MariaDB
-- PHP Version: 8.2.4

SET SQL_MODE = "NO_AUTO_VALUE_ON_ZERO";
START TRANSACTION;
SET time_zone = "+00:00";


/*!40101 SET @OLD_CHARACTER_SET_CLIENT=@@CHARACTER_SET_CLIENT */;
/*!40101 SET @OLD_CHARACTER_SET_RESULTS=@@CHARACTER_SET_RESULTS */;
/*!40101 SET @OLD_COLLATION_CONNECTION=@@COLLATION_CONNECTION */;
/*!40101 SET NAMES utf8mb4 */;

--
-- Database: `sistem_informasi_datasiswa`
--

-- --------------------------------------------------------

--
-- Table structure for table `jurusan`
--

CREATE TABLE `jurusan` (
  `id_jurusan` int(11) NOT NULL,
  `nama_jurusan` varchar(50) NOT NULL
) ENGINE=InnoDB DEFAULT CHARSET=utf8mb4 COLLATE=utf8mb4_general_ci;

--
-- Dumping data for table `jurusan`
--

INSERT INTO `jurusan` (`id_jurusan`, `nama_jurusan`) VALUES
(2, 'Teknik Komputer & Jaringan'),
(3, 'Desain Komunikasi Visual'),
(4, 'Tata Busana'),
(5, 'Tata Kecantikan'),
(6, 'Desain Pemodelan & Informasi Bangunan'),
(7, 'Teknik Instalasi Tenaga Listirk'),
(8, 'Bisnis Konstruksi & Properti'),
(10, 'Rekayasa Perangkat Lunak');

-- --------------------------------------------------------

--
-- Table structure for table `kelas`
--

CREATE TABLE `kelas` (
  `id_kelas` int(11) NOT NULL,
  `nama_kelas` varchar(10) NOT NULL,
  `id_jurusan` int(11) NOT NULL
) ENGINE=InnoDB DEFAULT CHARSET=utf8mb4 COLLATE=utf8mb4_general_ci;

--
-- Dumping data for table `kelas`
--

INSERT INTO `kelas` (`id_kelas`, `nama_kelas`, `id_jurusan`) VALUES
(4, 'X', 2),
(5, 'XI', 2),
(6, 'XII', 2),
(8, 'X', 3),
(9, 'XI', 3),
(10, 'XII', 3),
(11, 'X', 4),
(12, 'XI', 4),
(13, 'XII', 4),
(14, 'X', 5),
(15, 'XI', 5),
(16, 'XII', 5),
(17, 'X', 6),
(18, 'XI', 6),
(19, 'XII', 6);

-- --------------------------------------------------------

--
-- Table structure for table `siswa`
--

CREATE TABLE `siswa` (
  `nisn` char(10) NOT NULL,
  `nis` char(4) NOT NULL,
  `nama` varchar(35) NOT NULL,
  `tempat_lahir` varchar(30) NOT NULL,
  `tanggal_lahir` date NOT NULL,
  `jenis_kelamin` varchar(10) NOT NULL,
  `id_kelas` int(11) NOT NULL
) ENGINE=InnoDB DEFAULT CHARSET=utf8mb4 COLLATE=utf8mb4_general_ci;

--
-- Dumping data for table `siswa`
--

INSERT INTO `siswa` (`nisn`, `nis`, `nama`, `tempat_lahir`, `tanggal_lahir`, `jenis_kelamin`, `id_kelas`) VALUES
('0000000001', '0001', 'Rafa Kalvin Allan', 'Bakauheni', '2006-03-19', 'Laki-laki', 6),
('0000000002', '0002', 'Budiana Siregar', 'Medan', '2004-02-29', 'Perempuan', 10),
('0000000003', '0003', 'Gusion Soneta', 'Mobile Legends Bang Bang', '2018-07-14', 'Laki-laki', 5);

-- --------------------------------------------------------

--
-- Table structure for table `user`
--

CREATE TABLE `user` (
  `id` int(11) NOT NULL,
  `nama` varchar(35) NOT NULL,
  `username` varchar(25) NOT NULL,
  `password` varchar(32) NOT NULL,
  `foto` varchar(255) DEFAULT NULL
) ENGINE=InnoDB DEFAULT CHARSET=utf8mb4 COLLATE=utf8mb4_general_ci;

--
-- Dumping data for table `user`
--

INSERT INTO `user` (`id`, `nama`, `username`, `password`, `foto`) VALUES
(1, 'Gusion Soneta', 'casis', '35cd2d0d62d9bc5e60a3ca9f7593b05b', '1552704995_Gusion _ Night Owl.jpeg'),
(2, '', 'admin', '21232f297a57a5a743894a0e4a801fc3', NULL);

--
-- Indexes for dumped tables
--

--
-- Indexes for table `jurusan`
--
ALTER TABLE `jurusan`
  ADD PRIMARY KEY (`id_jurusan`);

--
-- Indexes for table `kelas`
--
ALTER TABLE `kelas`
  ADD PRIMARY KEY (`id_kelas`),
  ADD KEY `id_jurusan` (`id_jurusan`);

--
-- Indexes for table `siswa`
--
ALTER TABLE `siswa`
  ADD PRIMARY KEY (`nisn`),
  ADD UNIQUE KEY `nis` (`nis`),
  ADD KEY `id_kelas` (`id_kelas`);

--
-- Indexes for table `user`
--
ALTER TABLE `user`
  ADD PRIMARY KEY (`id`);

--
-- AUTO_INCREMENT for dumped tables
--

--
-- AUTO_INCREMENT for table `jurusan`
--
ALTER TABLE `jurusan`
  MODIFY `id_jurusan` int(11) NOT NULL AUTO_INCREMENT, AUTO_INCREMENT=11;

--
-- AUTO_INCREMENT for table `kelas`
--
ALTER TABLE `kelas`
  MODIFY `id_kelas` int(11) NOT NULL AUTO_INCREMENT, AUTO_INCREMENT=20;

--
-- AUTO_INCREMENT for table `user`
--
ALTER TABLE `user`
  MODIFY `id` int(11) NOT NULL AUTO_INCREMENT, AUTO_INCREMENT=3;

--
-- Constraints for dumped tables
--

--
-- Constraints for table `kelas`
--
ALTER TABLE `kelas`
  ADD CONSTRAINT `kelas_ibfk_1` FOREIGN KEY (`id_jurusan`) REFERENCES `jurusan` (`id_jurusan`) ON DELETE CASCADE;

--
-- Constraints for table `siswa`
--
ALTER TABLE `siswa`
  ADD CONSTRAINT `siswa_ibfk_1` FOREIGN KEY (`id_kelas`) REFERENCES `kelas` (`id_kelas`) ON DELETE CASCADE;
COMMIT;

/*!40101 SET CHARACTER_SET_CLIENT=@OLD_CHARACTER_SET_CLIENT */;
/*!40101 SET CHARACTER_SET_RESULTS=@OLD_CHARACTER_SET_RESULTS */;
/*!40101 SET COLLATION_CONNECTION=@OLD_COLLATION_CONNECTION */;
